{"cameraMode":{"drawMode":0,"name":"Shaded","section":"Shading Mode"},"sceneLighting":false,"audioPlay":false,"sceneViewState":{"showFog":true,"showMaterialUpdate":false,"showSkybox":true,"showFlares":true,"showImageEffects":true,"showParticleSystems":true},"in2DMode":false,"pivot":{"x":-0.28220605850219729,"y":0.6489875316619873,"z":0.02141427993774414},"rotation":{"x":0.28900572657585146,"y":0.2721948027610779,"z":-0.08611682057380676,"w":0.9138426780700684},"size":1.01358962059021,"orthographic":false}